species,common_name,difference,diff_SE,k1,k2,k3,inat_medPred,inat_SE,inat_medResp,inat_GAM_pval,ebud_medPred,ebud_SE,ebud_medResp,ebud_GAM_pval,kvec_at_max,region
Abaeis nicippe,Abaeis_nicippe,-0.6184441772224736,0.08939700837873785,6,6,8,-4.114425635476241,0.05494480236968675,0.01607276635978011,0.0075,-3.433718060581402,0.07347952020217594,0.0312581489391793,0,TRUE,east
Abaeis nicippe,Abaeis_nicippe,-0.6638411053025746,0.20738596185527347,3,3,8,-3.7242830987197806,0.1681614066880143,0.02356183694408702,0.0175,-2.9443454534641686,0.0890977402467805,0.05000444265783089,0,TRUE,west
Achalarus lyciades,Achalarus_lyciades,-0.4871396682078035,0.23268807814671844,3,3,7,-4.792209406592335,0.13780867224806548,0.00822588564011777,0.0125,-4.356389330039272,0.17650208610407758,0.01266222153811527,0,TRUE,east
Adelpha californica,Adelpha_californica,-0.16836927999748175,0.17312656116398742,3,3,7,-3.480675936603796,0.1350965719743391,0.02986708828485852,0.005,-3.2881811808020514,0.14311139515099808,0.03597887731712622,0.0025,TRUE,west
Aglais milberti,Aglais_milberti,0.2839148614309015,0.1316299229677595,5,5,9,-3.889785661001449,0.08892469278016205,0.02003991785837993,0.2575,-4.242879188278411,0.10463361937422216,0.01416270550821885,0,TRUE,east
Aglais milberti,Aglais_milberti,0.17129140770398166,0.16053761073491088,4,4,9,-3.0379112656184826,0.12021774597990036,0.04574225737991047,0.16,-3.2407877118804707,0.09561745430648227,0.03765933255880102,0.015,TRUE,west
Agraulis vanillae,Agraulis_vanillae,0.3803481779606497,0.08038203902558828,6,6,10,-2.2893292335962174,0.0610963606921918,0.0920105735267753,0,-2.709223835764627,0.0689659829292259,0.06243126764355916,0,TRUE,east
Agraulis vanillae,Agraulis_vanillae,0.13844833757646424,0.205954772586303,3,3,8,-3.2098501696933437,0.10501747925744956,0.03879672147640677,0.0525,-3.383692463382469,0.15768585577789798,0.0328090210281655,0.0675,TRUE,west
Amblyscirtes hegon,Amblyscirtes_hegon,0.5846861686090112,0.23132346096482517,3,3,6,-4.299492104753382,0.18512904970731267,0.01339362761807831,0.4675,-4.824990171247832,0.1298816876657129,0.00796271894106631,0.6,TRUE,east
Amblyscirtes vialis,Amblyscirtes_vialis,0.12129588645120636,0.21762427501927156,4,4,6,-4.374418600613102,0.2009217375519372,0.01243879077822079,0.06,-4.4971912677066195,0.13722345586950327,0.01101750491833819,0.0225,TRUE,east
Anaea andria,Anaea_andria,-0.6580410405651416,0.2299445758877632,4,4,6,-4.544718525373545,0.13204636863541516,0.01051149710485024,0.015,-3.744236103740915,0.22024520877498183,0.02310712237889526,0,TRUE,east
Anartia jatrophae,Anartia_jatrophae,0.16235784106303386,0.1235345526563434,4,4,9,-2.4062540597883,0.05457721537579515,0.08269703470614154,0.0025,-2.6312667352931713,0.12882388441697012,0.06715305430558341,0,TRUE,east
Anatrytone logan,Anatrytone_logan,0.1966365326247577,0.09525577230001071,7,7,8,-4.311630115412851,0.07229515146203137,0.0132341767953651,0.005,-4.455981140725296,0.06370617384843424,0.01147570372105752,0,TRUE,east
Ancyloxypha numitor,Ancyloxypha_numitor,-0.3392334093634879,0.05944490051444837,10,10,9,-4.1329636840535775,0.04706340930318772,0.01578221253967813,0.015,-3.803019143953752,0.03806352739589185,0.02181674695524766,0,TRUE,east
Anthanassa texana,Anthanassa_texana,0.09844037245933768,0.18824233840435428,3,3,8,-4.405074315233566,0.09931419478882214,0.01206778817646637,0.05,-4.567729442985721,0.1603641678019555,0.01027483651147294,0.075,TRUE,east
Anthanassa texana,Anthanassa_texana,0.18469471133270532,0.2327959091696537,3,3,6,-3.177878714019119,0.20333186173364645,0.04000672500873282,0.1775,-3.3625431656180576,0.11392270711626866,0.03348681486007802,0.29,TRUE,west
Anthocharis midea,Anthocharis_midea,-0.88266290576792406,0.1736349075300306,4,4,8,-4.947957900569744,0.10703683278262575,0.0070478637810293,0.13,-3.782304923893836,0.1406096954168722,0.02226321084320541,0,TRUE,east
Anthocharis sara,Anthocharis_sara,-0.7546433043910854,0.24603835783512257,4,4,8,-4.68994185745473,0.15492845932615554,0.00910358368021637,0.165,-3.5600131814501026,0.10776942410695509,0.02765206790528574,0.04,TRUE,west
Ascia monuste,Ascia_monuste,-0.04129503036695592,0.17965628486935667,3,3,10,-3.2489690403872813,0.09380466929049328,0.0373639511010392,0.0025,-3.300743719692429,0.16970466667445874,0.03554568412506517,0,TRUE,east
Asterocampa celtis,Asterocampa_celtis,0.30467567373706594,0.08864138646179956,7,7,9,-3.6756684153321624,0.05447210849482739,0.02470658841108681,0,-4.024035989838437,0.07481487340619139,0.01756655156617691,0,TRUE,east
Asterocampa clyton,Asterocampa_clyton,0.3691865983313205,0.12369779554070894,5,5,10,-4.106085659754864,0.06258776695586703,0.01620519203792263,0,-4.491228834655873,0.10299104724143496,0.01108266207570739,0,TRUE,east
Asterocampa leilia,Asterocampa_leilia,0.33861319257005706,0.1905499698309149,3,3,5,-2.871071106517288,0.12494426158930114,0.05360228976682672,0.1275,-3.217261919100225,0.15557367279728795,0.03852126880468705,0.305,TRUE,west
Atalopedes campestris,Atalopedes_campestris,0.2542695353244103,0.07893130831643379,7,7,8,-3.2443265940286015,0.07003323787404017,0.03753128918564244,0.2425,-3.4748108346885065,0.06405268718367726,0.03003749927759767,0,TRUE,east
Atlides halesus,Atlides_halesus,0.3440970270662769,0.31527112447125144,4,4,7,-4.787291031367143,0.09433750991781974,0.00826610803545483,0.01,-5.016027636878569,0.2739963499510487,0.00658713638610388,0,TRUE,east
Atrytonopsis hianna,Atrytonopsis_hianna,-0.01033506938994666,0.31680235716302235,3,3,5,-4.3242809706506735,0.21751022037036644,0.01306998215588369,0.035,-4.317941884571635,0.1570403211264206,0.01315200392826016,0.2475,TRUE,east
Battus philenor,Battus_philenor,0.2585620960122752,0.12249161875707834,7,7,9,-3.904994567620502,0.06364894521220155,0.01974341061009549,0.02,-4.11166596280562,0.1000352155248685,0.01611646735116423,0,TRUE,east
Battus philenor,Battus_philenor,0.23387673868821135,0.13451075533804052,3,3,9,-2.6768984616758864,0.11206489431489328,0.06435036602434105,0.01,-2.9466446596654157,0.07674455881451331,0.04989533410551727,0,TRUE,west
Boloria bellona,Boloria_bellona,-0.16412283960315466,0.1151866121765016,6,6,8,-4.229511758800216,0.09073690820667352,0.01435056041336484,0,-4.214529794858155,0.07828415258151691,0.01456402379055358,0.0025,TRUE,east
Boloria epithore,Boloria_epithore,1.12348398914029,0.394539667925332,3,3,6,-3.190506423773957,0.2399855473945996,0.03952455002551627,0.32,-4.086068282205403,0.2919971623678507,0.01652743065334611,0.32,TRUE,west
Boloria selene,Boloria_selene,0.41614504349718817,0.1453237134209373,5,5,9,-3.816076352834685,0.13312884365720573,0.02153982891687583,0.02,-4.329062225545678,0.07248284653132082,0.01300845136418449,0.0075,TRUE,east
Brephidium exilis,Brephidium_exilis,0.18932450235351017,0.2157225296575966,3,3,8,-3.6178211492662737,0.12378349240921964,0.026139483200419,0.05,-3.810270902575861,0.17596819184724316,0.02166252426438695,0,TRUE,west
Callophrys augustinus,Callophrys_augustinus,-0.2967032995511587,0.2257392958220485,4,4,7,-4.26894106085113,0.18926196385693833,0.01380339627997751,0.0275,-3.9639343945255914,0.1415150787705626,0.01863442453432988,0.01,TRUE,east
Callophrys augustinus,Callophrys_augustinus,-0.07858263731854387,0.3290367023722955,3,3,9,-4.153881550710297,0.1098131267963567,0.01546056216904013,0.17,-3.981818613727172,0.2973372588408843,0.01831017262703365,0.01,TRUE,west
Callophrys eryphon,Callophrys_eryphon,-0.2564671630212987,0.24538704008359927,3,3,7,-3.6399035621120506,0.1823048909545772,0.02558319227247885,0.03,-3.5037207587567214,0.1768561129835541,0.02920654911742062,0.1625,TRUE,west
Callophrys gryneus,Callophrys_gryneus,0.6744787145258941,0.3408659381879706,5,5,7,-4.21158199092621,0.10418601299196502,0.01460639101167702,0.03,-4.829753361222387,0.2916229633871666,0.00792518105486472,0,TRUE,east
Callophrys gryneus,Callophrys_gryneus,1.0415325066220016,0.48806506919642495,3,3,7,-3.8320356565554703,0.14638808653619356,0.02120602873786311,0,-4.626682777084841,0.390317579443531,0.00969231123003832,0.1575,TRUE,west
Callophrys henrici,Callophrys_henrici,1.8170317964660845e-4,0.15662045993873913,5,5,7,-4.555692606895018,0.09818277013043768,0.0103979666118392,0.01,-4.557284087021356,0.11523005288934318,0.01038160327544142,0,TRUE,east
Callophrys niphon,Callophrys_niphon,0.4093447111314731,0.13479949737358546,6,6,8,-4.188406048877797,0.06765589135523727,0.01494374330276704,0.02,-4.476119649899189,0.1010930815045408,0.01124948544733542,0,TRUE,east
Callophrys polios,Callophrys_polios,-0.03335310583054141,0.24881227119006036,3,3,6,-4.200995975637721,0.22359871700826128,0.01475954151515565,0.2175,-4.312441930116729,0.17863949578491148,0.01322357946832555,0.045,TRUE,east
Calpodes ethlius,Calpodes_ethlius,0.5115035681578342,2.628233940404202,4,4,7,-4.871238386100039,0.10357978340392704,0.00760558041173742,0.0475,-5.4823734208081785,2.761677108981256,0.00414221653253945,0,TRUE,east
Calycopis cecrops,Calycopis_cecrops,0.33034071154372935,0.09085154079345184,6,6,9,-3.8193372317125296,0.04658469655639145,0.02147121019466518,0.0175,-4.0493275640333675,0.08642573592564903,0.01713535462717111,0,TRUE,east
Calycopis isobeon,Calycopis_isobeon,-0.00126069955639462,0.1944381977612328,3,3,7,-4.0123985441601775,0.13955504567085766,0.01776852187041672,0.11,-4.081728748400167,0.1576076706581187,0.01659811481550826,0.0325,TRUE,east
Carterocephalus palaemon,Carterocephalus_palaemon,0.36994892577668126,0.13716609287247636,6,6,8,-4.1304150963977735,0.09723266224869144,0.01582184898678354,0.0775,-4.511438000362725,0.0938428481095884,0.01086334734795247,0,TRUE,east
Carterocephalus palaemon,Carterocephalus_palaemon,0.15965931331934158,0.254924224697286,3,3,6,-3.4202740277703993,0.14202584427347278,0.03166782424633332,0.3375,-3.7405185449564575,0.1577384087026386,0.02319118845669345,0.005,TRUE,west
Celastrina echo,Celastrina_echo,0.40583156136824206,0.1638183256565417,5,5,9,-3.1547290806756236,0.08659708659916385,0.04090534311697508,0.025,-3.739789012808674,0.15823203347619774,0.0232077205589662,0,TRUE,west
Celastrina ladon,Celastrina_ladon,-0.9306514439993896,0.18502217857958253,5,5,8,-5.035055519564848,0.15427327550905498,0.0064637845772603,0.005,-4.0389981677911475,0.0930070821836148,0.01731019004577315,0,TRUE,east
Celastrina lucia,Celastrina_lucia,-0.09301249660635325,0.07552671505183774,7,7,9,-3.633422347880354,0.05721003140526409,0.02574525822195961,0.02,-3.5469952929751765,0.04758829105997532,0.0280042460442933,0,TRUE,east
Celastrina neglecta,Celastrina_neglecta,-0.5293217108990274,0.07028564280965482,9,9,9,-4.2176758795108,0.05838690965605814,0.01451894034696625,0,-3.656412824904408,0.04228176637628098,0.02517484549384249,0,TRUE,east
Cercyonis oetus,Cercyonis_oetus,0.3038356092982393,0.24883436186923005,3,3,7,-3.501462784754246,0.14648442650061055,0.02927063874594433,0.52,-3.775924129409128,0.17478238932477888,0.02240252938946918,0.115,TRUE,west
Cercyonis pegala,Cercyonis_pegala,-0.1542090837124317,0.05128909150053714,10,10,9,-3.6896911255768017,0.04162343047914826,0.02437093734199832,0,-3.5364815489461936,0.0359931413504956,0.02829185483625838,0,TRUE,east
Cercyonis pegala,Cercyonis_pegala,-0.23666078404432775,0.14945115019848548,4,4,8,-3.425414741078603,0.1322999308128716,0.03151056337229014,0.0275,-3.158623300600257,0.08554239962657165,0.04075283755151433,0,TRUE,west
Chlosyne harrisii,Chlosyne_harrisii,0.246959022773793,0.1759621347977662,5,5,8,-3.868505931897106,0.134795573085089,0.02046211209413507,0.0375,-4.150714402664022,0.12001283770096804,0.01550884507311046,0.0025,TRUE,east
Chlosyne lacinia,Chlosyne_lacinia,0.2610642163036858,0.18073790129906409,3,3,8,-3.8325496068589815,0.10700195123904818,0.02119536363883826,0.005,-4.095578653040605,0.15084389882618895,0.01637355515326763,0,TRUE,east
Chlosyne lacinia,Chlosyne_lacinia,0.31138433622681405,0.18964345771704785,3,3,7,-3.104649572504971,0.16192829731677047,0.04291587154534362,0.3725,-3.4060996925624307,0.12655528777637426,0.03210537713532838,0.65,TRUE,west
Chlosyne nycteis,Chlosyne_nycteis,0.16342030466795454,0.10990042296045492,6,6,8,-3.9517820647030946,0.06567147060368966,0.01885796128563665,0.1,-4.075497707143593,0.0829366548152124,0.01670012866349356,0,TRUE,east
Chlosyne palla,Chlosyne_palla,-0.06568997029020401,0.20695258063904143,3,3,7,-3.761279795574255,0.12350296577996304,0.02272550304515675,0.0125,-3.7778375097711674,0.15814431276092691,0.02236066337524507,0.0525,TRUE,west
Coenonympha tullia,Coenonympha_tullia,-0.3050165873433237,0.05507413996863859,9,9,9,-3.5019350502079707,0.04450624194600815,0.02925722284019596,0.0125,-3.2186626542568817,0.03838165076694611,0.0384694227657423,0,TRUE,east
Coenonympha tullia,Coenonympha_tullia,0.19418994462878203,0.13956689403290953,4,4,9,-3.08960051859613,0.06498227122178013,0.04353826740109118,0.005,-3.222339198261975,0.09418255410647704,0.03833365966549636,0.0275,TRUE,west
Colias eurytheme,Colias_eurytheme,-0.7665066227750152,0.05623305712222839,10,10,10,-3.99189108034804,0.05160972007370228,0.0181299966459539,0,-3.1960746197944356,0.03407240128302461,0.03931370930785907,0,TRUE,east
Colias eurytheme,Colias_eurytheme,-0.2474156984578244,0.1375296243032383,5,5,8,-3.8534472045778942,0.08883451990582444,0.02076613003961257,0.0675,-3.5869902653385344,0.0987329321191816,0.02693589276738349,0.0025,TRUE,west
Colias interior,Colias_interior,-0.12001075152296248,0.19999650157197815,4,4,7,-3.811013935555811,0.20979042928290845,0.02164678256941497,0.015,-3.5267099871216274,0.11085051324210854,0.02856173080170329,0.2175,TRUE,east
Colias philodice,Colias_philodice,-0.971699069359202,0.05632618905382269,11,11,9,-3.748313650493282,0.05694264192841889,0.02301525793131337,0.0175,-2.8195752065284614,0.02681873072818924,0.05627548949028416,0,TRUE,east
Colias philodice,Colias_philodice,-1.0104152284253425,0.1765052485669419,4,4,8,-3.6854930979840126,0.1435014041624249,0.02447095337757945,0.21,-2.619489411151565,0.08928128864590534,0.06789459902447588,0.0625,TRUE,west
Copaeodes aurantiaca,Copaeodes_aurantiaca,0.05832838693756226,0.22346734972594767,3,3,6,-3.738903609794128,0.1579026149350528,0.02322780034359313,0.2175,-3.7175797260169032,0.15660415386783866,0.02371655281654468,0.5225,TRUE,west
Copaeodes minima,Copaeodes_minima,-0.250890655642952,0.1637731613803975,3,3,8,-4.598652513273516,0.0873832494339001,0.00996508710562575,0.18,-4.41246334789729,0.13218711501918118,0.0119800118349865,0.0175,TRUE,east
Cupido comyntas,Cupido_comyntas,-0.13957215614640972,0.04211813530359618,11,11,10,-3.34613648000986,0.03537292195314742,0.03402190815792477,0.1175,-3.21936180907644,0.02990769141909743,0.03844356970352554,0,TRUE,east
Cyllopsis gemma,Cyllopsis_gemma,-0.6681809865577764,0.1835892753205878,4,4,6,-4.651536671878197,0.11074266660001485,0.00945663839731256,0.1975,-3.9444014452552905,0.1626003396621895,0.01899500604674815,0,TRUE,east
Danaus eresimus,Danaus_eresimus,0.13408782895993143,0.20638000867096576,3,3,6,-4.113932440976827,0.12368719349305078,0.01608056781273744,0.15,-4.248922085596735,0.1868026081813559,0.01407858106488042,0.1225,TRUE,east
Danaus gilippus,Danaus_gilippus,0.02932618620114535,0.11716711810066675,4,4,9,-3.2461562787815987,0.0501475701422986,0.03746525194501887,0,-3.2729526637981134,0.113421700776434,0.03651081785720847,0,TRUE,east
Danaus gilippus,Danaus_gilippus,0.20973416438450976,0.1663047933915892,3,3,7,-2.7535082129522466,0.14886590015807732,0.05988882498947412,0,-2.9671248472053047,0.11308284356170532,0.0489333559986095,0.0025,TRUE,west
Danaus plexippus,Danaus_plexippus,0.45761293406792414,0.04205963276717683,13,13,10,-2.196815459605863,0.03059798028923974,0.10003682662178796,0,-2.6679774350585292,0.02922346208165215,0.06488958773011937,0,TRUE,east
Danaus plexippus,Danaus_plexippus,0.2777282255635224,0.15221677977452044,5,5,7,-2.9218927354978055,0.09701266148381336,0.05108187726595205,0.3025,-3.147624548637941,0.1240963688442332,0.04118497970127883,0,TRUE,west
Dryas iulia,Dryas_iulia,0.07290439990942477,0.24626064541448284,3,3,8,-4.012038504926878,0.1611869877079906,0.01777480665479859,0.0225,-4.086769012089631,0.25343817447541617,0.01651604465518107,0.0025,TRUE,east
Dymasia dymas,Dymasia_dymas,0.23951254250715048,0.17959879838619608,3,3,6,-3.2410831265103175,0.16729097369703003,0.03764862786767151,0.1725,-3.5481756224452545,0.13947129549454898,0.02797213535931037,0.0925,TRUE,west
Eantis tamenund,Eantis_tamenund,0.34399081529775777,0.16529960851016767,3,3,6,-3.616359506707256,0.11255120205061124,0.02617671686320351,0.195,-3.9393903965389994,0.14736985172723158,0.01908860832705301,0.1825,TRUE,east
Echinargus isola,Echinargus_isola,0.4512078690794823,0.4809342398986538,3,3,8,-4.317989600343441,0.08609638756841087,0.01315138463827388,0.4675,-4.5906155637006965,0.4873217727478862,0.01004469099765244,0.1825,TRUE,east
Echinargus isola,Echinargus_isola,-0.05506027881117936,0.16311601876627646,3,3,8,-3.4848005891066993,0.09575442113625755,0.02974780776178002,0.05,-3.3352122767712573,0.11225399438713309,0.03438275903957338,0.1525,TRUE,west
Epargyreus clarus,Epargyreus_clarus,0.1025148758226555,0.0442420075840379,11,11,9,-3.195319464962501,0.02988446682308213,0.03934224002663862,0,-3.2591747252645833,0.03489206145927507,0.03699860235983397,0,TRUE,east
Epargyreus clarus,Epargyreus_clarus,0.18460712935853163,0.2195474376361254,3,3,6,-3.830381178204111,0.1353500315610788,0.02124039685861622,0.0425,-3.967670431921717,0.18264504256910533,0.01856622566384236,0.045,TRUE,west
Erebia epipsodea,Erebia_epipsodea,0.7186220844755455,0.21375596898806143,3,3,6,-2.9131373655585184,0.13155748661817815,0.05150794401225363,0.4525,-3.572887615204394,0.16786425746787254,0.02730800453023551,0.0375,TRUE,west
Erynnis baptisiae,Erynnis_baptisiae,-0.08721139535752886,0.07817291654505125,7,7,9,-4.050163739178488,0.06353403020165085,0.01712127767211474,0.0475,-3.842328979650952,0.05536115884759137,0.02099342675587894,0,TRUE,east
Erynnis brizo,Erynnis_brizo,0.2199812127812414,0.258665552516149,3,3,5,-3.7809479943145057,0.2232863524397336,0.02229276704505346,0.2075,-4.008425011656087,0.1348641976914829,0.01783800419246375,0,TRUE,east
Erynnis funeralis,Erynnis_funeralis,-0.2764100124627167,0.23214632635674684,3,3,8,-4.935243947061535,0.0865798492466875,0.00713739840167563,0.0625,-4.704701234631843,0.2387027569606719,0.00897140372812954,0.03,TRUE,east
Erynnis funeralis,Erynnis_funeralis,-0.33231480633445987,0.15526541729057117,3,3,7,-4.099317072366624,0.09385057166573434,0.01631345491458604,0.0375,-3.704096325747244,0.12734658720020545,0.02403076158062824,0.01,TRUE,west
Erynnis horatius,Erynnis_horatius,-0.13996479021330255,0.07950546104138498,7,7,9,-3.794960415083741,0.05633646985204105,0.02198939084438101,0.005,-3.755481455825579,0.07015546678689961,0.0228546356888154,0,TRUE,east
Erynnis icelus,Erynnis_icelus,0.21893266423800184,0.1262808994600119,6,6,8,-4.254921949436996,0.12790885282481712,0.01399554305041557,0.345,-4.49466801594464,0.06059328272952093,0.01104503252073942,0,TRUE,east
Erynnis icelus,Erynnis_icelus,-0.41399636027315245,0.22403247312984376,3,3,5,-3.842201753415297,0.14706667761576406,0.02099604175824779,0.3475,-3.417008049704173,0.16800662508488942,0.03176812870885198,0.335,TRUE,west
Erynnis juvenalis,Erynnis_juvenalis,-0.00293230655527987,0.0991631582706156,8,8,8,-4.1014726269425985,0.07708382444316147,0.01627890006807491,0.0575,-4.082120195904973,0.05883180472575471,0.01659172657656052,0,TRUE,east
Erynnis lucilius,Erynnis_lucilius,-1.027713814703164,0.27544654775587524,3,3,6,-4.847805380755938,0.19523522152327483,0.0077845028091204,0.0575,-3.989305239492947,0.13702969209484778,0.01817608537710693,0.525,TRUE,east
Erynnis persius,Erynnis_persius,-0.12995411112098432,0.26472462617459114,3,3,5,-3.8375976216181646,0.1845659912250612,0.02109088965469636,0.205,-3.75902075114674,0.17372513111178256,0.02277572841694043,0.2675,TRUE,west
Erynnis zarucco,Erynnis_zarucco,-0.7279721090715618,0.22479383145489332,3,3,6,-5.058244611864563,0.20433942229885177,0.00631655571348285,0.0775,-4.196774479834082,0.1258264737696296,0.01482105514557867,0.09,TRUE,east
Euchloe ausonides,Euchloe_ausonides,0.22314556097853824,0.3795866877380421,3,3,7,-4.082307257298671,0.13859495918649825,0.01658867467631527,0.0075,-4.073971640747251,0.33049719307659003,0.01672520704908454,0.0225,TRUE,west
Euchloe olympia,Euchloe_olympia,0.09896838091762716,0.2628835620831175,3,3,5,-4.191556102182204,0.19132114165745712,0.01489744395193097,0.5775,-4.399532436699513,0.16407722736430247,0.01213403829537552,0.3975,TRUE,east
Euphydryas phaeton,Euphydryas_phaeton,0.6362621854386317,0.1103291566782304,6,6,8,-3.6450739838899846,0.07542475096545989,0.02545461609309364,0.0425,-4.435782838153223,0.0865495008932803,0.01170710899907498,0,TRUE,east
Euphyes bimacula,Euphyes_bimacula,0.5993397617679845,0.24660803084676192,3,3,5,-4.033430928595113,0.19359855458737624,0.01740514675895097,0.4175,-4.68434215109651,0.1541359679397992,0.00915423610351014,0.0775,TRUE,east
Euphyes conspicua,Euphyes_conspicua,-0.17077547501875223,0.2051699709890013,3,3,6,-4.657386411571514,0.2008020446704075,0.00940199959951743,0.5925,-4.3866260663014565,0.15656306042590348,0.01228972253709277,0.0275,TRUE,east
Euphyes dion,Euphyes_dion,-0.2783074563532697,0.16834953146528345,4,4,7,-4.998302096322341,0.15019881373435587,0.00670414814385723,0.0375,-4.78174314056403,0.10306017002012696,0.00831171271743127,0,TRUE,east
Euphyes vestris,Euphyes_vestris,-0.2160231150520242,0.06061770170444035,10,10,9,-4.0026819962939495,0.05486464448671063,0.0179388998384428,0.01,-3.7917708317148247,0.03957228825034118,0.02205809025454328,0,TRUE,east
Euptoieta claudia,Euptoieta_claudia,0.04783136062171445,0.080116133925815,8,8,8,-3.741022095692167,0.04957318751628104,0.02317978408039404,0.3475,-3.828379951763666,0.06819535612058057,0.02128204072553985,0,TRUE,east
Euptoieta claudia,Euptoieta_claudia,-0.14330261079244666,0.18589215511142557,3,3,6,-3.6765635962177026,0.1257154702591334,0.0246850271528774,0.01,-3.50324828935951,0.14668435784205924,0.02921994827124321,0.0025,TRUE,west
Eurema daira,Eurema_daira,-0.12289166511531646,0.22565733675731436,3,3,6,-3.3426558598489144,0.1110178575490814,0.03413648242502864,0.1225,-3.1699179090555276,0.1932777219905083,0.0403135912706216,0.0425,TRUE,east
Eurema mexicana,Eurema_mexicana,-0.5535269078453353,0.18919444205552832,3,3,7,-3.7766197974134736,0.16658152747091992,0.0223872988647147,0.2775,-3.2205116645963923,0.07703824730327963,0.03840108708461894,0.0075,TRUE,west
Eurytides marcellus,Eurytides_marcellus,-0.1545492408820598,0.09931201753307872,6,6,7,-3.8374096724295295,0.06174923072253906,0.02109477041497704,0.0025,-3.646826318165096,0.08072413804479381,0.0254111826286479,0,TRUE,east
Feniseca tarquinius,Feniseca_tarquinius,0.6087096464886215,0.1818239386900685,5,5,8,-4.440925138722564,0.110302621374562,0.01164776146042328,0,-4.993111064886614,0.1561201141626031,0.00673880494192051,0,TRUE,east
Glaucopsyche lygdamus,Glaucopsyche_lygdamus,-0.05253374785935993,0.07248962008525374,7,7,8,-3.7140453802478057,0.0516212751154125,0.02379852523692088,0,-3.6304580255951966,0.0499666063559543,0.02581971527799997,0,TRUE,east
Glaucopsyche lygdamus,Glaucopsyche_lygdamus,0.08773702223055335,0.15226764801881995,4,4,8,-3.4097254503381302,0.09594541236794248,0.03199289902262157,0.0125,-3.435364980199024,0.1054973270069854,0.03120831691991293,0.0075,TRUE,west
Heliconius charithonia,Heliconius_charithonia,-0.07974694371694635,0.1070745514104444,4,4,10,-2.802996422973312,0.07957944600400298,0.05716246946589827,0.045,-2.676498076047947,0.11568304717127266,0.06437447720667291,0,TRUE,east
Heliopetes laviana,Heliopetes_laviana,0.18752711617053677,0.13815483868412612,3,3,5,-3.5095366039896483,0.0849909593990484,0.02904210012989792,0.0325,-3.705176747814358,0.12224797322243844,0.0240054351614792,0,TRUE,east
Hemiargus ceraunus,Hemiargus_ceraunus,-0.256785293013996,0.14396970595692274,4,4,9,-3.84186559168164,0.07630047839857476,0.02100295274536237,0,-3.6420809158997303,0.1271490416972461,0.02552896972120866,0,TRUE,east
Hemiargus ceraunus,Hemiargus_ceraunus,0.16239799333160665,0.22513440506803553,3,3,8,-3.5415878299214203,0.1440043584789213,0.02815181351001941,0.2125,-3.7355901154660263,0.13693975571847083,0.02330309667924523,0.0525,TRUE,west
Hesperia comma,Hesperia_comma,0.4846353802507992,0.30944093170636705,3,3,6,-3.5388148847265137,0.2463602906550717,0.02822777866355443,0.3625,-3.9356110854982873,0.15733435342740698,0.0191595017943846,0.2525,TRUE,east
Hesperia juba,Hesperia_juba,-0.20820521720814633,0.25685435837925,3,3,5,-3.9187111760307776,0.20775573966906924,0.01947968616051951,0.5325,-3.8964123484477127,0.20227111559104352,0.01991019392034265,0.315,TRUE,west
Hesperia leonardus,Hesperia_leonardus,0.3663128349303626,0.1871658968928571,4,4,8,-4.25965122848733,0.1548390700552764,0.01393043035015944,0.075,-4.767643915863099,0.14563740070601602,0.00842873670511614,0,TRUE,east
Hesperia sassacus,Hesperia_sassacus,0.09090126004229404,0.1714878066082392,4,4,7,-4.541519623233145,0.14031186131622467,0.01054482105479787,0.3375,-4.649235803466951,0.10575461983180812,0.00947821545978229,0,TRUE,east
Hylephila phyleus,Hylephila_phyleus,-0.01182412594540438,0.07029292749924047,8,8,10,-3.386362332612165,0.04792443525204779,0.03272440476018831,0,-3.391210652566833,0.05526523151288686,0.03257128556849137,0,TRUE,east
Hylephila phyleus,Hylephila_phyleus,0.0916956838786136,0.13567369441663474,3,3,8,-3.0862576387715404,0.11731131826293074,0.04367768650753592,0.0075,-3.1282357647966155,0.16916221476309837,0.04195746680715537,0.06,TRUE,west
Junonia coenia,Junonia_coenia,0.0923089276938519,0.04865357551332359,10,10,9,-3.1307370448601892,0.03750114667660544,0.04185703787098081,0.2325,-3.2207695135907195,0.04214720466912801,0.03839156677146102,0,TRUE,east
Kricogonia lyside,Kricogonia_lyside,-0.3809735615723815,0.15490993027102232,3,3,8,-4.10202396578867,0.11489850266297325,0.01627007333857827,0.01,-3.677989439219408,0.10945062317688238,0.02465072227297445,0.0525,TRUE,east
Leptotes cassius,Leptotes_cassius,-0.31235071470279485,0.1654039890849255,3,3,8,-3.7290689499449097,0.07832548311303192,0.02345198111061135,0,-3.3309098578748833,0.164681162891477,0.03452588837090543,0.0075,TRUE,east
Leptotes marina,Leptotes_marina,-0.15301759180183505,0.1058744028010986,4,4,8,-3.0201202533057567,0.06389248336915151,0.04652513972090737,0.16,-2.901553106584264,0.08452092143862257,0.05207684085683119,0,TRUE,west
Lerema accius,Lerema_accius,0.02586157709102243,0.10361023884136332,6,6,8,-3.763067788990624,0.05898303080994845,0.02268582727026039,0,-3.7697627525065753,0.08222787249504855,0.02253786540537917,0,TRUE,east
Lerodea eufala,Lerodea_eufala,-0.5306232062652896,0.13613244050380596,4,4,7,-4.544898268734453,0.07992933798141341,0.01050962775763335,0.03,-4.017360171093143,0.11213309480458249,0.01768213445274299,0.0025,TRUE,east
Lethe anthedon,Lethe_anthedon,0.5112434529968076,0.07013438037142666,9,9,8,-3.6054913165780142,0.04605489407910269,0.02645519460059041,0,-4.097332697655296,0.04687516486339502,0.01634532940585641,0,TRUE,east
Lethe eurydice,Lethe_eurydice,0.7174586211305585,0.1283591510459468,8,8,8,-4.055867859714149,0.057522952950419023,0.01702555186245747,0,-4.550785794773714,0.1097124632735798,0.01044857845475318,0,TRUE,east
Libytheana carinenta,Libytheana_carinenta,-0.24209297341995104,0.09226873348633408,7,7,8,-4.181190395834384,0.05573797651059236,0.01505033340533878,0.0275,-3.9779201968426663,0.07270716673958001,0.01838037806528329,0,TRUE,east
Libytheana carinenta,Libytheana_carinenta,0.04336401846010673,0.2151354278588589,3,3,8,-3.3730541989290095,0.1709064213635265,0.03314828367359766,0.2275,-3.223891354503318,0.11313014394834954,0.03827648166658421,0.0025,TRUE,west
Limenitis archippus,Limenitis_archippus,0.15392982510384012,0.05453914681123598,11,11,9,-3.559961625091587,0.04162860010412625,0.02765345415707875,0,-3.711898997762905,0.03593897401061847,0.02384844132902842,0,TRUE,east
Limenitis arthemis,Limenitis_arthemis,0.3982381392190433,0.04363685958749842,12,12,10,-3.1155152064876654,0.03147534834243183,0.04247178534103912,0,-3.4774330062616916,0.03291883403246407,0.02996119573301878,0,TRUE,east
Limenitis arthemis,Limenitis_arthemis,0.2827680740396208,0.2430560420573534,3,3,9,-3.470433829887984,0.14464156483923046,0.03016528705662505,0.035,-3.743016448340995,0.17958836784395554,0.02313466990323328,0.005,TRUE,west
Limenitis lorquini,Limenitis_lorquini,0.35532253144527726,0.11646898449572823,5,5,9,-2.880921329705638,0.10625352558053486,0.0531047885579828,0.2325,-3.1230140113200595,0.09752215656281232,0.0421678685867434,0,TRUE,west
Limenitis weidemeyerii,Limenitis_weidemeyerii,0.15768608263333594,0.27935093794156807,3,3,6,-2.9496804141833617,0.1386670012165274,0.04975161824989901,0.395,-3.0797611612906293,0.23612956645614908,0.04394984989024024,0.0325,TRUE,west
Lycaena dorcas,Lycaena_dorcas,0.8265530203857695,0.3246302418725678,3,3,4,-2.1562484211235313,0.26204733922140594,0.10374877367806204,0.1125,-2.8963838495201175,0.16249654909895717,0.05233261207362453,0.1,TRUE,east
Lycaena epixanthe,Lycaena_epixanthe,0.5409378769391647,0.32397731901357235,3,3,7,-3.236922300011745,0.18484535281094217,0.03779966999232161,0.015,-4.152908305974048,0.16787267682638513,0.01547538343426652,0.045,TRUE,east
Lycaena helloides,Lycaena_helloides,-0.13711789944983677,0.2273051323401587,4,4,6,-3.714428671554288,0.14214942654499427,0.02378962217884213,0.1075,-3.3087844906399333,0.1277964985059381,0.03527105599786302,0.44,TRUE,west
Lycaena heteronea,Lycaena_heteronea,0.6730044754718545,0.2828823852052193,3,3,7,-3.0383382261115184,0.15978694219502382,0.0457236242098779,0.52,-3.562110705415257,0.22283201194471208,0.02759572671562169,0.1125,TRUE,west
Lycaena hyllus,Lycaena_hyllus,0.4549719449703238,0.13751746247187285,5,5,9,-4.1967525807555015,0.09887512315527314,0.0148213749059953,0,-4.783551841770543,0.11505763654973022,0.00829681751657208,0,TRUE,east
Lycaena mariposa,Lycaena_mariposa,-0.35287064057913653,0.22657068221031387,3,3,6,-3.3012984653939177,0.16350645494661276,0.0355266711276396,0.21,-3.054153814591677,0.2027212221939327,0.0450384798452211,0.4725,TRUE,west
Lycaena phlaeas,Lycaena_phlaeas,0.4688809379953891,0.10111410469020352,7,7,9,-3.50552602584551,0.07212761846936364,0.02915540690904499,0.015,-3.981432713320072,0.08421270714493394,0.01831711044174424,0,TRUE,east
Megisto cymela,Megisto_cymela,0.020946525077838,0.05764831579438242,10,10,9,-3.7080592263591807,0.03367756186694261,0.02393799364882417,0.005,-3.685062143801425,0.0411264112355875,0.02448124327861097,0,TRUE,east
Nastra lherminier,Nastra_lherminier,-1.0232990913847153,0.20653133462675763,3,3,6,-5.446512106016086,0.17589030053956406,0.00429280825705264,0.1,-4.373152527438025,0.13730613059683622,0.01245435291050366,0.065,TRUE,east
Nathalis iole,Nathalis_iole,-0.4005949630052193,0.12667973587164671,4,4,9,-3.856906596826944,0.08441734882478347,0.02069590015270598,0.2675,-3.5168777346554005,0.1115663965513265,0.02883580427380256,0,TRUE,east
Nathalis iole,Nathalis_iole,-0.5048547773171848,0.13221225110991583,4,4,7,-3.5121861895316755,0.12642188554603412,0.02896747853690468,0.075,-3.006011267149584,0.07069554268111077,0.04715504183113581,0.0025,TRUE,west
Neophasia menapia,Neophasia_menapia,1.2792237670676738,0.2254451673247278,3,3,7,-2.921545222491768,0.15868275465619452,0.05109872472488443,0.03,-4.017232914108592,0.19629625176997417,0.01768434497563021,0.0175,TRUE,west
Nymphalis antiopa,Nymphalis_antiopa,0.21493700433981056,0.05437861232598397,11,11,9,-3.2456797531090955,0.04048125727263598,0.03748244001456235,0.0775,-3.4432339460851074,0.04022536186492344,0.03097127942132626,0,TRUE,east
Nymphalis antiopa,Nymphalis_antiopa,-0.0579881516978552,0.09995899048988252,6,6,10,-3.0178753418072786,0.07898064305216203,0.04662482667267992,0,-2.883141910685217,0.0719765633184209,0.05299323812104907,0,TRUE,west
Nymphalis californica,Nymphalis_californica,0.5291850283865994,0.177985843751642,3,3,9,-3.3404196740319696,0.0888220828771414,0.03421028897456724,0.1225,-3.811906206103062,0.1664543526047229,0.02162789394917318,0.005,TRUE,west
Nymphalis l-album,Nymphalis_l-album,0.6351168902035098,0.10114529421524272,6,6,9,-3.509399682282881,0.06331155471840337,0.02904596138706595,0.005,-4.060309163534942,0.09367152785855525,0.01695138282924757,0,TRUE,east
Ochlodes sylvanoides,Ochlodes_sylvanoides,0.36659825011112424,0.16479680450046127,5,5,8,-2.5428217724523288,0.08734579880235366,0.07291020764681985,0,-2.7982120100323975,0.1283067444878618,0.05742087201513008,0,TRUE,west
Panoquina ocola,Panoquina_ocola,-0.3445411277102284,0.10134364031537003,5,5,9,-4.14207557327139,0.07350091390735894,0.01564129904552901,0.0025,-3.869870615572231,0.09509344699185436,0.02043477706693303,0,TRUE,east
Panoquina panoquin,Panoquina_panoquin,-0.193340675044004,0.21773495092488276,3,3,6,-4.148263323512894,0.14596061495280796,0.01554631341176438,0,-3.7109590539525903,0.1768742813096155,0.02387033272854359,0.115,TRUE,east
Papilio canadensis,Papilio_canadensis,0.21928996455216,0.06723349365162747,8,8,8,-3.15560483277294,0.05537178281130413,0.04087099933682073,0,-3.4290082324243576,0.04456676804397434,0.03140108289872546,0,TRUE,east
Papilio canadensis,Papilio_canadensis,0.714316205356899,0.232647643282383,3,3,6,-2.4697506722095026,0.20461272457698315,0.07800616519749594,0,-3.2732739128058883,0.1455854155552821,0.03649951871340665,0.405,TRUE,west
Papilio cresphontes,Papilio_cresphontes,0.378115084171228,0.06969394084584897,8,8,10,-3.570681814088834,0.04359323975883195,0.02736665676221836,0,-3.8175442107162345,0.06072598089724498,0.02150891426005514,0,TRUE,east
Papilio eurymedon,Papilio_eurymedon,0.2080713078991142,0.1697164411316273,4,4,9,-3.2682796013989037,0.09577080567309428,0.03667556233158037,0.01,-3.3551068297963784,0.1311291093948613,0.03372833194681687,0.0075,TRUE,west
Papilio glaucus,Papilio_glaucus,0.15596483987723364,0.05364476128841136,11,11,9,-2.9476578546704193,0.04534532929348631,0.04984732469464562,0.085,-3.066127277853458,0.03303246349952794,0.04452629722454072,0,TRUE,east
Papilio multicaudata,Papilio_multicaudata,0.10125318519684988,0.18430490796160756,4,4,9,-3.221493751390023,0.1445202051374625,0.03836483854749813,0.0225,-3.4004259120414475,0.12079667102402492,0.03228215654734796,0.0325,TRUE,west
Papilio palamedes,Papilio_palamedes,0.05915743759673986,0.11408915542442616,4,4,8,-3.1570381025348486,0.09100074488321486,0.04081485131658525,0,-3.290301006510306,0.08370306855505336,0.03590542471790514,0,TRUE,east
Papilio rumiko,Papilio_rumiko,0.22803907385095237,0.2113060520081523,3,3,7,-3.4128802885288545,0.15365123708764433,0.03189533984940016,0,-3.707201245731808,0.15795828498839518,0.02395804852732939,0.1575,TRUE,west
Papilio rutulus,Papilio_rutulus,-0.21771005628399895,0.1139321845446256,5,5,9,-2.8927853527169782,0.09998321895057836,0.05251136336231218,0.0225,-2.753760001493025,0.07870824480138076,0.05987465032320854,0,TRUE,west
Papilio troilus,Papilio_troilus,0.22527118364696808,0.065048955441898,9,9,9,-3.3991553977365037,0.0448476151163282,0.03232187103294889,0,-3.6188114686704793,0.04856267571060723,0.02611428524787084,0,TRUE,east
Papilio zelicaon,Papilio_zelicaon,0.4575098200897276,0.13742659922913983,4,4,8,-3.104415267635458,0.07790998344344666,0.04292549643762422,0.0225,-3.494693503413348,0.1198133461987481,0.02946359433154267,0,TRUE,west
Parnassius clodius,Parnassius_clodius,0.21212263599358505,0.272444800302814,3,3,5,-3.2826004120138768,0.16838674491389777,0.03617294497414054,0.215,-3.6001853161804043,0.23749394601327437,0.02659219623716512,0.0125,TRUE,west
Parrhasius m-album,Parrhasius_m-album,0.23404893309401897,0.24337519823445508,4,4,7,-4.95408510999013,0.09409595312760848,0.00700511365390173,0.005,-5.3280870470588555,0.24538890174205025,0.00482990416607938,0.0025,TRUE,east
Phoebis agarithe,Phoebis_agarithe,-0.1701506884010362,0.13926576414147093,3,3,9,-3.814924946583539,0.0930327242139864,0.02156410917258462,0,-3.633170402350822,0.10543174250258952,0.02575157838570237,0.2,TRUE,east
Phoebis sennae,Phoebis_sennae,-0.5681909335662931,0.06619543000596029,7,7,10,-3.652648860294394,0.05426820544176268,0.02526738249798558,0.0275,-3.138174358744614,0.05502569600222532,0.04155977844042775,0,TRUE,east
Phoebis sennae,Phoebis_sennae,-0.6960343439406662,0.17097048970773565,3,3,7,-3.729300315971792,0.12284313996664196,0.02344668295335661,0.035,-3.0020820139110533,0.116511384508931,0.04733190332206189,0.225,TRUE,west
Pholisora catullus,Pholisora_catullus,-0.09196185905767051,0.13428194671890195,5,5,8,-4.7150934744553705,0.06672900060648798,0.00887947709825555,0.0125,-4.648459772291387,0.11054512138347804,0.00948550390854665,0,TRUE,east
Pholisora catullus,Pholisora_catullus,0.02680683679964102,0.2587484901407627,3,3,6,-3.963204681474061,0.1930045327597018,0.01864777361865334,0.355,-3.991674165036418,0.1822973481865067,0.0181338584240991,0.08,TRUE,west
Phyciodes cocyta,Phyciodes_cocyta,-0.1072568731921968,0.06220226001957323,8,8,9,-3.250651003000934,0.05851497976456196,0.03730350151334305,0.0125,-3.0820013939817077,0.03259366330515748,0.04385581531979689,0,TRUE,east
Phyciodes cocyta,Phyciodes_cocyta,0.5689829511314921,0.2261699593078929,3,3,7,-3.154224225039906,0.1954129254475901,0.04092515425308803,0.045,-3.594152884274879,0.14145945987373032,0.02674879278030259,0.0225,TRUE,west
Phyciodes graphica,Phyciodes_graphica,-0.5887498220464372,0.17897551762138417,3,3,7,-4.713721111947468,0.11433532619449592,0.00889156289951475,0.065,-4.127191470531661,0.14280880627528691,0.01587212416166422,0.0125,TRUE,east
Phyciodes phaon,Phyciodes_phaon,-0.03206265829268695,0.11295101482550382,4,4,10,-3.649784069747281,0.05375693702906466,0.02533803529802746,0.08,-3.5864524711873087,0.10428311785731972,0.02694999212725008,0,TRUE,east
Phyciodes pulchella,Phyciodes_pulchella,0.00776541837712241,0.16322889872952956,3,3,9,-3.4963986062854815,0.10897488944614243,0.02941487517762292,0.0075,-3.5173672936793565,0.14161473684779977,0.02882209767757612,0,TRUE,west
Phyciodes tharos,Phyciodes_tharos,-0.28529943567331795,0.04474045186083007,11,11,10,-3.4100841832384905,0.04137913721318167,0.03198179116165448,0.3375,-3.0569288433428516,0.03377529814989101,0.04491927639110089,0,TRUE,east
Pieris marginalis,Pieris_marginalis,0.24773782816022985,0.17555398790067356,3,3,8,-3.0202389532132408,0.1208230348764763,0.04651987441102072,0,-3.267601265983493,0.14053684401864525,0.03669953577122242,0,TRUE,west
Pieris oleracea,Pieris_oleracea,-0.09840006105679766,0.11318336849807624,6,6,8,-4.082844277839558,0.0909327844316264,0.01657991627070545,0.1925,-3.974013217757404,0.0660607185816809,0.01845100269375723,0,TRUE,east
Pieris rapae,Pieris_rapae,-0.7106878080538859,0.04580820880529646,12,12,10,-3.155945205954308,0.03906059351132539,0.04085765860220158,0,-2.400381652454766,0.02195526900602614,0.08314359821574539,0,TRUE,east
Pieris rapae,Pieris_rapae,-0.4710063209558306,0.12712054013749002,6,6,9,-2.774270463303506,0.09345147156745748,0.05873049169083191,0,-2.3736832393910907,0.09509055196413288,0.0852016203225311,0.005,TRUE,west
Pieris virginiensis,Pieris_virginiensis,-0.7837246116429158,0.3064838990779984,3,3,7,-4.958923814816158,0.28492872140184045,0.00697153558427532,0.0925,-4.2065397782550384,0.13357643169492833,0.01467914170240397,0,TRUE,east
Plebejus acmon,Plebejus_acmon,0.12717218665904917,0.22449233238697425,3,3,7,-3.3912986503931117,0.10405903680899792,0.03256851283610859,0.2625,-3.4643852174287284,0.1799034274236408,0.03034274505348717,0,TRUE,west
Plebejus icarioides,Plebejus_icarioides,0.7791675022519537,0.18884340795397905,4,4,8,-3.0099170990249515,0.15981547839297297,0.04697985724354246,0.0025,-3.655944028181402,0.12939637170934967,0.02518635282956066,0.0075,TRUE,west
Plebejus lupini,Plebejus_lupini,0.31318504509842193,0.27853945710513,3,3,6,-3.904207257362271,0.17640443665573732,0.01975865366726061,0,-4.198694921613547,0.20319966128958275,0.01479304013517934,0.0275,TRUE,west
Plebejus melissa,Plebejus_melissa,0.4397754774111746,0.1925990497381974,3,3,7,-2.9978361757584207,0.14599320467428065,0.04752372331461266,0.165,-3.363762150800466,0.10164025141436148,0.03344738428640537,0.0125,TRUE,west
Plebejus saepiolus,Plebejus_saepiolus,0.5624116033529698,0.19509670906422105,3,3,6,-3.1702032282532957,0.14651990754376937,0.04030255417343585,0.05,-3.7680830686004394,0.14350317818220334,0.02257489838190937,0.02,TRUE,west
Poanes hobomok,Poanes_hobomok,0.2720558808630662,0.06563765242648906,9,9,8,-3.4802270012779415,0.04943322480290649,0.02988009895207534,0.005,-3.758940059204339,0.04446116800348755,0.02277752444622848,0,TRUE,east
Poanes massasoit,Poanes_massasoit,0.04828612167090984,0.1801572880932221,4,4,7,-4.5141964368876675,0.147871190824043,0.01083374698046265,0.0225,-4.4190600009136025,0.13509264675424876,0.01190218145140676,0.05,TRUE,east
Poanes viator,Poanes_viator,0.1807224294007891,0.1328539082968878,6,6,8,-4.408630165401693,0.07910536311907163,0.01202546824394459,0.0025,-4.536778638852641,0.10582204470239168,0.01059440168018838,0,TRUE,east
Poanes zabulon,Poanes_zabulon,0.5045979331368131,0.07733055957289302,7,7,7,-3.2250604900228224,0.05157504215586653,0.03823346738470823,0.0225,-3.731035185743381,0.05972620191987841,0.02340699257549779,0,TRUE,east
Polites mystic,Polites_mystic,-0.15357937055986803,0.10378524840232896,7,7,8,-4.0664483773463225,0.08538132327361901,0.01684938157398408,0.0725,-3.9156373041389942,0.05819500298478855,0.01953848461688358,0,TRUE,east
Polites origenes,Polites_origenes,-0.9543324980540584,0.43386618508851377,5,5,8,-5.832704518887484,0.3965555179036684,0.00292158098495299,0.0825,-4.628286646263098,0.07430308484991677,0.00967692879957721,0,TRUE,east
Polites themistocles,Polites_themistocles,-0.514580788059116,0.09378233246262682,8,8,9,-4.564166661558165,0.07377176550621185,0.01031113066431651,0.035,-4.0054809716927195,0.04781846035727479,0.01788965649601585,0,TRUE,east
Polites vibex,Polites_vibex,-0.5124434724014777,0.12384444389852362,4,4,7,-4.341200646641842,0.08405017127666987,0.01285352110782735,0.03,-3.695433046101039,0.07673022864147247,0.02423478394013267,0,TRUE,east
Polygonia comma,Polygonia_comma,0.3795112785946744,0.05608804690747459,10,10,9,-3.5541244442054234,0.03869298476102239,0.02781084209871508,0.015,-3.937367061046011,0.04718606005907625,0.01912653062015121,0,TRUE,east
Polygonia faunus,Polygonia_faunus,0.25708248614043805,0.2002199024036405,4,4,7,-3.3301082365978845,0.14674124744503844,0.03455261946828304,0.1525,-4.157877908924995,0.17442296602505328,0.01539984911499626,0,TRUE,east
Polygonia faunus,Polygonia_faunus,0.26472386139401793,0.1773955118456663,4,4,7,-2.8240891132568366,0.1212203706215018,0.05603624201193786,0.1825,-3.0986831450559773,0.12073638643904697,0.0431616066098179,0.02,TRUE,west
Polygonia gracilis,Polygonia_gracilis,1.1107039455792624,0.2294290975727907,4,4,8,-2.9053605131959563,0.10503399726033318,0.05188920904405295,0.0025,-3.734412235615224,0.1956061381098371,0.0233299203562774,0,TRUE,west
Polygonia interrogationis,Polygonia_interrogationis,0.4174991594460946,0.06457092400640216,9,9,9,-3.746162609121792,0.04270945937711673,0.0230636749500387,0.11,-4.1144036990684185,0.06214454899636896,0.01607311327530453,0,TRUE,east
Polygonia progne,Polygonia_progne,0.44383031680535456,0.11591361026866484,6,6,9,-3.903744718420935,0.086732114376689,0.01976761422702695,0,-4.407086366773094,0.08574740780126318,0.0120438237178604,0,TRUE,east
Polygonia satyrus,Polygonia_satyrus,0.09094354343110368,0.1571092997448627,4,4,8,-3.5708342305143015,0.1155134809122677,0.02736260007628565,0,-3.5899602595874587,0.1200878208840974,0.02685815745236816,0,TRUE,west
Pompeius verna,Pompeius_verna,0.01511231897457898,0.0954981680437737,7,7,8,-4.51572740713258,0.06367413275993554,0.01081735280706688,0.4075,-4.365867305684805,0.06966945780177321,0.012544274609105,0,TRUE,east
Pontia occidentalis,Pontia_occidentalis,0.4438816138683046,0.18473564178085597,3,3,6,-3.4393992692018767,0.13567075744098298,0.031086573194291,0.0625,-3.867273640919428,0.12237454400529094,0.02048682601352072,0.0075,TRUE,west
Pontia protodice,Pontia_protodice,-0.268260134435918,0.1513300192706054,4,4,9,-4.5736323569875115,0.08490648733256621,0.01021498142238981,0,-4.178279752175264,0.1386622366200751,0.01509354122356559,0,TRUE,east
Pontia protodice,Pontia_protodice,-0.1401181064673216,0.12985513882041871,4,4,8,-3.508014532872814,0.09048913736190256,0.02908505127100137,0.285,-3.370923363161523,0.10823743653578714,0.03321664381891435,0,TRUE,west
Pyrgus communis,Pyrgus_communis,0.0160214806465746,0.12469812837327514,6,6,8,-4.282500150916363,0.07681583365089335,0.01362002988179846,0.0025,-4.124472482325463,0.08616147363995441,0.01591465125462544,0,TRUE,east
Pyrgus communis,Pyrgus_communis,-0.06992292977888903,0.15771410819490497,3,3,8,-3.3796677528237185,0.09022261611429776,0.0329369759368209,0.1125,-3.365492364304421,0.12847692186867404,0.03339149393851927,0.1425,TRUE,west
Pyrgus oileus,Pyrgus_oileus,-0.30844436575652256,0.11087123076091691,4,4,9,-4.0582889059530025,0.08787190963105515,0.01698508134350269,0.015,-3.7529331224356657,0.0954346721719848,0.02291161508980267,0.0075,TRUE,east
Pyrisitia lisa,Pyrisitia_lisa,-0.3106445459442283,0.08420048230048108,6,6,10,-3.863930417450235,0.05792732766421459,0.02055402252806933,0.0725,-3.590482274263273,0.06730144508586311,0.0268445170301603,0,TRUE,east
Satyrium calanus,Satyrium_calanus,0.8416189198960264,0.0971603133434004,8,8,8,-3.894954828236669,0.0559153163176557,0.01993865555703893,0,-4.675227648534615,0.07546885602188261,0.00923727956243451,0,TRUE,east
Satyrium edwardsii,Satyrium_edwardsii,0.7630405360774951,0.23676201036656216,3,3,6,-3.6549128451722943,0.22608983254101203,0.02521168283510218,0.255,-4.710132221998507,0.17059698752482988,0.00892324581119455,0.0075,TRUE,east
Satyrium liparops,Satyrium_liparops,0.5996969237823453,0.1485291879265436,6,6,8,-4.516139740731819,0.07725334676062784,0.0108129415881498,0.165,-4.997229836213308,0.10933898910875178,0.00671129231926658,0,TRUE,east
Satyrium titus,Satyrium_titus,0.4278389380832426,0.12299062954447332,5,5,7,-4.269237168943249,0.08160933103985646,0.01379936598148356,0,-4.715133063374882,0.09672713498561496,0.00887912869751824,0,TRUE,east
Speyeria aphrodite,Speyeria_aphrodite,-0.11742531228204578,0.13144473722546293,5,5,8,-4.128501313060566,0.11214283308592048,0.01585167712863533,0.355,-4.070237578448991,0.07103067405692136,0.01678672642041936,0,TRUE,east
Speyeria callippe,Speyeria_callippe,0.9615231267070964,0.35104142139466143,3,3,6,-3.5824277777895146,0.23491016797532904,0.02705573561978113,0.6075,-4.777436448599808,0.23375350528687408,0.00834728645202284,0.03,TRUE,west
Speyeria cybele,Speyeria_cybele,0.15746620860600924,0.05221675791329809,10,10,9,-3.3836660187754752,0.04338082454796733,0.03280986019438252,0.005,-3.5619348657866534,0.03449359111976725,0.02760044562381294,0,TRUE,east
Speyeria cybele,Speyeria_cybele,0.1216031347183354,0.22431477273097084,3,3,6,-3.591595503786399,0.15016008251729196,0.02681545045899415,0.0375,-3.8266486010916902,0.14555451399911767,0.02131813313400896,0.32,TRUE,west
Speyeria hydaspe,Speyeria_hydaspe,-0.3375396543298572,0.20485011326515676,3,3,6,-3.7099383031643143,0.14130968427118834,0.02389412833588932,0.2375,-3.386944617310774,0.14701070369670396,0.03270597841504296,0.07,TRUE,west
Speyeria mormonia,Speyeria_mormonia,0.1512194553917251,0.272433437359408,3,3,6,-2.849827457726104,0.1609536377244622,0.0546902368306669,0.0775,-3.3251218642794806,0.19138747612183207,0.0347193451530079,0.13,TRUE,west
Speyeria zerene,Speyeria_zerene,0.07162381455286781,0.24479271998743543,3,3,6,-2.9531230004054,0.2579942250783055,0.04958911722491371,0.01,-3.1466265404471483,0.13566263099499143,0.04122440787525073,0.1525,TRUE,west
Strymon istapa,Strymon_istapa,0.14255335390270263,0.14771226816153268,3,3,8,-3.792184993844039,0.08266279291788939,0.02204915791161588,0.035,-3.950888632279812,0.13103991557338182,0.0188744989827572,0,TRUE,east
Strymon melinus,Strymon_melinus,0.07049783677782706,0.06575273701355036,8,8,9,-3.836503829362953,0.04455068893468225,0.02111348399290458,0.0025,-3.8908010170392737,0.05841906637530732,0.0200199876863418,0,TRUE,east
Strymon melinus,Strymon_melinus,0.21578582187653583,0.12401876616026264,5,5,9,-3.217214171955918,0.0716414091161077,0.0385230372728125,0.5325,-3.401312721451909,0.10565997871110142,0.03225446409258691,0,TRUE,west
Thorybes bathyllus,Thorybes_bathyllus,-0.33865672790368806,0.17602296038931473,4,4,7,-4.508060188069267,0.12673205246762567,0.01089970310556665,0.0125,-4.19595979672293,0.11372343722633542,0.01483295535571184,0,TRUE,east
Thorybes pylades,Thorybes_pylades,0.11126687701535198,0.11514463096814956,7,7,8,-4.230034877391466,0.08871236002258326,0.01434316297822353,0,-4.298806594463744,0.06698466738709546,0.01340268913677122,0,TRUE,east
Thorybes pylades,Thorybes_pylades,-0.6929339493997453,0.24190659312725443,3,3,7,-4.393945272222604,0.1618727282208028,0.0122011934134574,0,-3.4948027961915225,0.16504417812342953,0.02946046921161076,0.0125,TRUE,west
Thymelicus lineola,Thymelicus_lineola,-0.04150064187292002,0.0652389758816935,9,9,8,-3.5758175260280742,0.05656967581844581,0.02723028711609555,0.0275,-3.610683681353478,0.03876696598666235,0.02632179191093746,0,TRUE,east
Thymelicus lineola,Thymelicus_lineola,0.29907772437701874,0.2057048758229383,3,3,6,-3.0466742502910185,0.12402247542343169,0.04536127295162667,0.235,-3.4355260916874633,0.17348670797594887,0.03120344618539973,0.1425,TRUE,west
Urbanus procne,Urbanus_procne,0.3100642674132188,0.1491777780733791,3,3,5,-3.39830003142601,0.08143893535183969,0.03234863517346603,0.4825,-3.6830235598887233,0.11300229407129044,0.02452997578390845,0.545,TRUE,east
Urbanus proteus,Urbanus_proteus,0.17443586918970444,0.11072093111553506,6,6,9,-3.3088489088875503,0.07053750713663484,0.03526886410321649,0.0025,-3.399426410558158,0.11872386646980816,0.0323133955937674,0,TRUE,east
Vanessa atalanta,Vanessa_atalanta,0.18725246922534863,0.04649223065614468,11,11,11,-3.3225086306174907,0.0370748780024928,0.03480703140325679,0,-3.495381822730587,0.04159331246057774,0.02944391787631568,0,TRUE,east
Vanessa atalanta,Vanessa_atalanta,0.5219711290133925,0.20028130407452097,4,4,8,-3.261206713817886,0.08973324470960051,0.03692627128047145,0.0075,-3.875687017072963,0.15732049927749683,0.02031867319348443,0,TRUE,west
Vanessa cardui,Vanessa_cardui,0.24474097312168183,0.0686545471457675,9,9,9,-3.4775036984066015,0.06001759427430799,0.0299591412385435,0,-3.685272132028119,0.06170839696232153,0.0244762288589837,0,TRUE,east
Vanessa cardui,Vanessa_cardui,0.392587617226546,0.11706693778808525,5,5,10,-2.8551365286004926,0.07098006678699469,0.05441641005427124,0.0075,-3.1741968073564353,0.09482766881889232,0.04014837274639687,0,TRUE,west
Vanessa virginiensis,Vanessa_virginiensis,0.15667099935941708,0.05636058987452251,11,11,10,-3.611376064908066,0.04244672373987243,0.0263040526624453,0,-3.735086177782323,0.04124908737140467,0.02331456908807683,0,TRUE,east
Vanessa virginiensis,Vanessa_virginiensis,0.4404314867611099,0.2305646343616114,4,4,8,-3.847707983031823,0.0977847813881557,0.02088315807980665,0.12,-4.178573357278822,0.19924509594970471,0.01508917719181731,0.0175,TRUE,west
Wallengrenia otho,Wallengrenia_otho,-0.1840051071921267,0.18545597286365528,4,4,9,-4.674122253861052,0.09984328210491662,0.00924740157170352,0.1575,-4.523970093506396,0.15469529647244046,0.01072950798286196,0,TRUE,east
Zerene cesonia,Zerene_cesonia,-0.4507442601972895,0.13817603465187916,3,3,8,-4.385248267624388,0.10278859861630416,0.01230645844490442,0,-3.949802156922068,0.1099635936253077,0.01889462912818891,0.04,TRUE,east
Zerene cesonia,Zerene_cesonia,-0.4775083310382837,0.16485076235245957,3,3,7,-3.881736954285919,0.1518211396560825,0.0201985930476751,0.3975,-3.4023685930404053,0.0833010135488034,0.03222152226917833,0,TRUE,west
